{"features":{"data_source":"GPWv4","region":"UP","level":0,"year":2020,"start_date":"2021-01-01","end_date":"2021-12-01"},"interventions":[],"costs":[],"locales":[{"population":1000,"area":99324,"name":"UnitedProvinces","id":"UP","parent_id":""}],"model":{"name":"My SIRD model","compartments":[{"id":1,"name":"S","desc":"Susceptible","equation":"-(beta * I * S / N)","tags":["susceptible"]},{"id":2,"name":"I","desc":"Infected","equation":"(beta * I * S / N) - (gamma * I * pd) - (gamma * I * (1-pd))","tags":["infectious"]},{"id":3,"name":"R","desc":"Recovered","equation":"gamma * I * (1-pd)","tags":[]},{"id":4,"name":"D","desc":"Death","equation":"gamma * I * pd","tags":["death"]}],"parameters":[{"id":1,"name":"beta","desc":"Transmission rate","default_value":"0.25","tags":["transmission"]},{"id":2,"name":"gamma","desc":"Recovery rate","default_value":"0.125","tags":[]},{"id":3,"name":"pd","desc":"Probability of death","default_value":"0.01","tags":[]}]},"initial_info":{"name":"10% seniors","notes":"","initializers":[{"id":1,"locale_regex":"UnitedProvinces.*","group":"Others","compartment":"I","value":"10"}]},"groups":[{"name":"Seniors","description":"","locales":[{"name":"UnitedProvinces","id":"UP","population":"0.1"}],"properties":{"type":"GPWv4","gender":["m","f"],"age":[50,84]}},{"name":"Others","description":"","properties":{"type":"others"},"locales":[{"id":"UP","name":"UnitedProvinces","population":0.9}]}],"group_specifications":[],"groups_locales_parameters":[{"id":0,"param":"beta","locale":"UnitedProvinces","group":"Seniors","value":"0.25"},{"id":1,"param":"gamma","locale":"UnitedProvinces","group":"Seniors","value":"0.125"},{"id":2,"param":"pd","locale":"UnitedProvinces","group":"Seniors","value":"0.1"},{"id":3,"param":"beta","locale":"UnitedProvinces","group":"Others","value":"0.25"},{"id":4,"param":"gamma","locale":"UnitedProvinces","group":"Others","value":"0.125"},{"id":5,"param":"pd","locale":"UnitedProvinces","group":"Others","value":"0.01"}],"facilities":[],"facilities_interactions":[],"facilities_timespent":[],"schedules":[],"references":[],"requests":[{"status":"finished","id":"1","name":"Mask and Border closure","session":{"features":{"data_source":"GPWv4","region":"UP","level":1,"year":2020,"start_date":"2021-01-01","end_date":"2021-12-31"},"interventions":[{"id":"1","name":"Mask","notes":"","control_params":[{"id":"1","name":"cost_per_day","description":"describe parameter 1 here...","default_value":"0.027"},{"id":"2","name":"compliance","description":"describe parameter 2 here...","default_value":"0"}],"effect":"def effect(cp, locales):\n    sim.apply({'parameter':'beta', 'facility':'~Household', 'locale':locales}, 1-cp['compliance']*0.7)","cost":"def cost(cp, locales):\n    complianceCount = sim.select({'compartment':'*', 'locale':locales})['Value'].sum() * cp['compliance']\n    sim.add({\"intervention\":\"Mask\"}, complianceCount*cp['cost_per_day'])"},{"id":"2","name":"Border","notes":"","control_params":[{"id":"1","name":"degree","description":"describe parameter 1 here...","default_value":"0"},{"id":"2","name":"cost_per_day","description":"describe parameter 2 here...","default_value":"10"}],"effect":"def effect(cp, locales):\n    sim.apply({'locale-from':locales, 'locale-to':'~'+locales, 'group':'*'}, 1-cp['degree'])\n    sim.apply({'locale-from':'~'+locales, 'locale-to':locales, 'group':'*'}, 1-cp['degree'])","cost":"def cost(cp, locales):\n    affectedCount = sim.select({'compartment':'*', 'locale':locales})['Value'].sum() * cp['degree']\n    sim.add({\"intervention\":\"Border\"}, affectedCount*cp['cost_per_day'])"}],"costs":[{"id":"1","name":"Infectious_cost","notes":"","intervention":null,"control_params":[{"id":"1","name":"cost_per_day","description":"describe parameter 1 here...","default_value":"100"}],"func":"def cost(cp):\n    infCount = sim.select({'compartment':'{\"tag\":\"infectious\"}'})['Value'].sum()\n    sim.add({\"intervention\":\"Infectious_cost\"}, infCount*cp['cost_per_day'])"}],"locales":[{"population":1012394,"area":99324,"name":"UnitedProvinces","id":"UP","parent_id":""},{"population":202478.8,"area":44619,"name":"UnitedProvinces.Pastures","id":"UP.Pastures","parent_id":"UP"},{"population":313842.14,"area":24504,"name":"UnitedProvinces.Hills","id":"UP.Hills","parent_id":"UP"},{"population":496073.06,"area":30201,"name":"UnitedProvinces.Beaches","id":"UP.Beaches","parent_id":"UP"}],"model":{"name":"SIRS","compartments":[{"id":1,"name":"S","desc":"Susceptible","equation":"-(beta * I * S / N) + eta * R","tags":["susceptible"]},{"id":2,"name":"I","desc":"Infected","equation":"(beta * I * S / N) - (gamma * I)","tags":["infectious"]},{"id":3,"name":"R","desc":"Recovered","equation":"gamma * I - eta * R","tags":[]}],"parameters":[{"id":1,"name":"beta","desc":"Transmission rate","default_value":"0.25","tags":["transmission"]},{"id":2,"name":"gamma","desc":"Recovery rate","default_value":"0.125","tags":[]},{"id":3,"name":"eta","desc":"Immunity loss rate","default_value":"0.03","tags":[]}]},"initial_info":{"name":"Mask and Border closure","notes":"","initializers":[{"id":1,"locale_regex":"UnitedProvinces.Pastures","group":"Adults","compartment":"I","value":"100"}],"region_name":"UnitedProvinces"},"groups":[{"name":"Children","description":"","locales":[{"name":"UnitedProvinces.Pastures","id":"UP.Pastures","population":0.255},{"name":"UnitedProvinces.Hills","id":"UP.Hills","population":0.255},{"name":"UnitedProvinces.Beaches","id":"UP.Beaches","population":0.255}],"properties":{"type":"GPWv4","gender":["m","f"],"age":[0,19]}},{"name":"Adults","description":"","locales":[{"name":"UnitedProvinces.Pastures","id":"UP.Pastures","population":0.681},{"name":"UnitedProvinces.Hills","id":"UP.Hills","population":0.681},{"name":"UnitedProvinces.Beaches","id":"UP.Beaches","population":0.681}],"properties":{"type":"GPWv4","gender":["m","f"],"age":[20,49]}},{"name":"Seniors","description":"","locales":[{"name":"UnitedProvinces.Pastures","id":"UP.Pastures","population":0.063},{"name":"UnitedProvinces.Hills","id":"UP.Hills","population":0.063},{"name":"UnitedProvinces.Beaches","id":"UP.Beaches","population":0.063}],"properties":{"type":"GPWv4","gender":["m","f"],"age":[50,84]}}],"group_specifications":[],"groups_locales_parameters":[{"id":0,"param":"beta","locale":"UnitedProvinces.Pastures","group":"Children","value":"0.25"},{"id":1,"param":"beta","locale":"UnitedProvinces.Hills","group":"Children","value":"0.25"},{"id":2,"param":"beta","locale":"UnitedProvinces.Beaches","group":"Children","value":"0.25"},{"id":3,"param":"gamma","locale":"UnitedProvinces.Pastures","group":"Children","value":"0.125"},{"id":4,"param":"gamma","locale":"UnitedProvinces.Hills","group":"Children","value":"0.125"},{"id":5,"param":"gamma","locale":"UnitedProvinces.Beaches","group":"Children","value":"0.125"},{"id":6,"param":"eta","locale":"UnitedProvinces.Pastures","group":"Children","value":"0.03"},{"id":7,"param":"eta","locale":"UnitedProvinces.Hills","group":"Children","value":"0.03"},{"id":8,"param":"eta","locale":"UnitedProvinces.Beaches","group":"Children","value":"0.03"},{"id":9,"param":"beta","locale":"UnitedProvinces.Pastures","group":"Adults","value":"0.25"},{"id":10,"param":"beta","locale":"UnitedProvinces.Hills","group":"Adults","value":"0.25"},{"id":11,"param":"beta","locale":"UnitedProvinces.Beaches","group":"Adults","value":"0.25"},{"id":12,"param":"gamma","locale":"UnitedProvinces.Pastures","group":"Adults","value":"0.125"},{"id":13,"param":"gamma","locale":"UnitedProvinces.Hills","group":"Adults","value":"0.125"},{"id":14,"param":"gamma","locale":"UnitedProvinces.Beaches","group":"Adults","value":"0.125"},{"id":15,"param":"eta","locale":"UnitedProvinces.Pastures","group":"Adults","value":"0.03"},{"id":16,"param":"eta","locale":"UnitedProvinces.Hills","group":"Adults","value":"0.03"},{"id":17,"param":"eta","locale":"UnitedProvinces.Beaches","group":"Adults","value":"0.03"},{"id":18,"param":"beta","locale":"UnitedProvinces.Pastures","group":"Seniors","value":"0.25"},{"id":19,"param":"beta","locale":"UnitedProvinces.Hills","group":"Seniors","value":"0.25"},{"id":20,"param":"beta","locale":"UnitedProvinces.Beaches","group":"Seniors","value":"0.25"},{"id":21,"param":"gamma","locale":"UnitedProvinces.Pastures","group":"Seniors","value":"0.125"},{"id":22,"param":"gamma","locale":"UnitedProvinces.Hills","group":"Seniors","value":"0.125"},{"id":23,"param":"gamma","locale":"UnitedProvinces.Beaches","group":"Seniors","value":"0.125"},{"id":24,"param":"eta","locale":"UnitedProvinces.Pastures","group":"Seniors","value":"0.03"},{"id":25,"param":"eta","locale":"UnitedProvinces.Hills","group":"Seniors","value":"0.03"},{"id":26,"param":"eta","locale":"UnitedProvinces.Beaches","group":"Seniors","value":"0.03"}],"facilities":[{"id":1,"name":"Household","description":"The household facility represents the pairwise connections between household members. Unlike schools and workplaces, everyone must be assigned to a household."},{"id":2,"name":"School","description":"The school facility represents all of the pairwise connections between people in schools, including both students and teachers. The current methods in SynthPops treat student and worker status as mutually exclusive."},{"id":3,"name":"Workplace","description":"The workplace facility represents all of the pairwise connections between people in workplaces, except for teachers working in schools. After some workers are assigned to the school contact layer as teachers, all remaining workers are assigned to workplaces. Workplaces are special in that there is little/no age structure so workers of all ages may be present in every workplace."},{"id":4,"name":"Community","description":"The community facility reflects the nature of contacts in shared public spaces like parks and recreational spaces, shopping centres, community centres, and public transportation. All links between individuals are considered undirected to reflect the ability of either individual in the pair to infect each other."}],"facilities_interactions":[{"locales":"UnitedProvinces.*","facilities":[[[0.37,0.45,0.18],[0.34,0.51,0.15],[0.26,0.29,0.45]],[[0.92,0.08,0.01],[0.65,0.35,0],[0.78,0.22,0]],[[0,0.64,0.36],[0.03,0.75,0.22],[0.04,0.69,0.27]],[[0.54,0.33,0.13],[0.15,0.61,0.24],[0.11,0.43,0.46]]]}],"facilities_timespent":[{"locales":"UnitedProvinces.*","matrix":[[0.4,0.4,0.46],[0.31,0.09,0.03],[0.08,0.31,0.27],[0.2,0.2,0.23]]}],"schedules":[{"id":"1","name":"Mask","notes":"describe schedule for Mask...","detail":[{"id":1,"start_date":"2021-01-01","end_date":"2021-02-28","control_params":[{"name":"cost_per_day","value":"0.027"},{"name":"compliance","value":"0"}],"locales":"UnitedProvinces.*","has_trigger":false,"condition":"def isActive():\n\t# code here, this function must return a boolean value!\n\treturn True\n\t","repeat_config":{"repeat_type":"none","end_type":"never","end_date":"2021-12-31","end_times":0},"repetition_of":null},{"id":2,"start_date":"2021-03-01","end_date":"2021-12-31","control_params":[{"name":"cost_per_day","value":"0.027"},{"name":"compliance","value":"0.9"}],"locales":"UnitedProvinces.*","has_trigger":false,"condition":"def isActive():\n\t# code here, this function must return a boolean value!\n\treturn True\n\t","repeat_config":{"repeat_type":"none","end_type":"never","end_date":"2021-12-31","end_times":0},"repetition_of":null}]},{"id":"2","name":"Border","notes":"describe schedule for Border...","detail":[{"id":1,"start_date":"2021-01-01","end_date":"2021-04-30","control_params":[{"name":"degree","value":"0"},{"name":"cost_per_day","value":"10"}],"locales":"UnitedProvinces.Pastures","has_trigger":false,"condition":"def isActive():\n\t# code here, this function must return a boolean value!\n\treturn True\n\t","repeat_config":{"repeat_type":"none","end_type":"never","end_date":"2021-12-31","end_times":0},"repetition_of":null},{"id":2,"start_date":"2021-05-01","end_date":"2021-12-31","control_params":[{"name":"degree","value":"0"},{"name":"cost_per_day","value":"10"}],"locales":"UnitedProvinces.Pastures","has_trigger":false,"condition":"def isActive():\n\t# code here, this function must return a boolean value!\n\treturn True\n\t","repeat_config":{"repeat_type":"none","end_type":"never","end_date":"2021-12-31","end_times":0},"repetition_of":null}]}],"references":[],"requests":[],"border":{"data":[{"src_locale":"UnitedProvinces.Pastures","dst_locale":"UnitedProvinces.Beaches","src_locale_id":"UP.Pastures","dst_locale_id":"UP.Beaches","group":"*","value":0.4},{"src_locale":"UnitedProvinces.Hills","dst_locale":"UnitedProvinces.Beaches","src_locale_id":"UP.Hills","dst_locale_id":"UP.Beaches","group":"*","value":0.6},{"src_locale":"UnitedProvinces.Beaches","dst_locale":"UnitedProvinces.Pastures","src_locale_id":"UP.Beaches","dst_locale_id":"UP.Pastures","group":"*","value":0.3},{"src_locale":"UnitedProvinces.Beaches","dst_locale":"UnitedProvinces.Hills","src_locale_id":"UP.Beaches","dst_locale_id":"UP.Hills","group":"*","value":0.7}],"specifications":[{"id":1,"src_locale":"UnitedProvinces.*","dst_locale":"UnitedProvinces.*","group":"*","value":0,"impedance":70,"mobility_source":"GPWv4"}]},"airport":{"data":[],"specifications":[]},"facility":{"data":[],"specifications":[]}},"created_at":"2021-05-30T08:00:51.967Z"},{"status":"finished","id":"2","name":"AB2-fig8 -t2","session":{"features":{"data_source":"GPWv4","region":"ARE","level":0,"year":2020,"end_date":"2022-02-10","start_date":"2022-01-01"},"interventions":[{"id":"2","name":"lockdown","notes":"Modifies parameters b22, b12, b21","control_params":[{"id":"2","name":"b22","description":"b22","default_value":"0.25"},{"id":"3","name":"b21","description":"b21","default_value":"0.4"},{"id":"4","name":"b12","description":"b12","default_value":"0.4"}],"effect":"def effect(cp, locales):\n\tsim.apply({\"parameter\":\"b12\", \"locale\":locales},cp[\"b12\"])\t\n\tsim.apply({\"parameter\":\"b21\", \"locale\":locales},cp[\"b21\"])\n\tsim.apply({\"parameter\":\"b22\", \"locale\":locales},cp[\"b22\"])","cost":"def cost(cp, locales):\n\t# cp = control parameters\n\treturn 0\n\t"},{"id":"3","name":"vaccination","notes":"Modifies parameters b22, v","control_params":[{"id":"1","name":"b22","description":"b22","default_value":"0.75"},{"id":"2","name":"v","description":"v","default_value":"0.2"}],"effect":"def effect(cp, locales):\n\tsim.apply({\"parameter\":\"b22\", \"locale\":locales},cp[\"b22\"])\n\tsim.apply({\"parameter\":\"v\", \"locale\":locales},1-cp[\"v\"])\n\t","cost":"def cost(cp, locales):\n\t# cp = control parameters\n\treturn 0\n\t"},{"id":"4","name":"school_closure","notes":"Modifies parameters b11","control_params":[{"id":"1","name":"b11","description":"describe parameter 1 here...","default_value":"0"}],"effect":"def effect(cp, locales):\n    b11_df = sim.select({'parameter': 'b11'})\n    print(b11_df)\n    b11_list = b11_df['Value'].values.tolist()\n    b11 = 1 # default value to avoid division by zero\n    if len(b11_list) == 0 or b11_list[0] == 0:\n        b11 = 1\n    else:\n        b11 = b11_list[0]\n    sim.apply({\"parameter\": \"b11\", \"locale\": locales}, cp[\"b11\"]/b11)","cost":"def cost(cp, locales):\n\t# cp = control parameters\n\treturn 0\n\t"}],"costs":[],"locales":[{"population":1000000,"area":70694.18357846691,"name":"UnitedArabEmirates","id":"ARE","parent_id":""}],"model":{"name":"School-Model-SPIAR-1","compartments":[{"id":0,"name":"S1","desc":"Susceptible population inside-school","equation":"-S1*(b11*(P1+s*A1)/N+b12*(P2+A2+e*I2)/N)","is_infectious":false,"tags":["susceptible"]},{"id":1,"name":"P1","desc":"Pre-symptomatic population inside-school","equation":"S1*(b11*(P1+s*A1)/N+b12*(P2+A2+e*I2)/N)-k*P1","is_infectious":false,"tags":["infectious"]},{"id":2,"name":"I1","desc":"Infected population inside-school","equation":"e1*k*P1-I1","is_infectious":false,"tags":["infectious"]},{"id":3,"name":"A1","desc":"Asymptomatic population inside-school","equation":"k*P1*(1-e1)-A1","is_infectious":false,"tags":["infectious"]},{"id":4,"name":"R1","desc":"Recovered population inside-school","equation":"I1+A1","is_infectious":false,"tags":[]},{"id":5,"name":"S2","desc":"Susceptible population outside-school","equation":"-S2*(b21*(P1+A1+e*I1)/N+b22*(I2+P2+A2)/N+(1-v))","is_infectious":false,"tags":["susceptible"]},{"id":6,"name":"P2","desc":"Pre-symptomatic population outside-school","equation":"S2*(b21*(P1+A1+e*I1)/N+b22*(I2+P2+A2)/N)-k*P2","is_infectious":false,"tags":["infectious"]},{"id":7,"name":"I2","desc":"Infected population outside-school","equation":"e2*k*P2-I2","is_infectious":false,"tags":["infectious"]},{"id":8,"name":"A2","desc":"Asymptomatic population outside-school","equation":"(1-e2)*k*P2-A2","is_infectious":false,"tags":["infectious"]},{"id":9,"name":"R2","desc":"Recovered population outside-school","equation":"(I2+A2)+(1-v)*S2","is_infectious":false,"tags":[]}],"parameters":[{"id":0,"name":"b22","desc":"transmission rate in outside-school population","default_value":"2","tags":["transmission"]},{"id":1,"name":"b12","desc":"transmission rate from outside-school population to inside-school population","default_value":"0.25","tags":["transmission"]},{"id":2,"name":"b21","desc":"transmission rate from inside-school population to outside-school population","default_value":"0.25","tags":["transmission"]},{"id":3,"name":"s","desc":"represent the fractions of asymptomatic encounters at school","default_value":"0.9","tags":[]},{"id":4,"name":"e","desc":"represent the fractions of undetected infected individuals","default_value":"0.3","tags":[]},{"id":5,"name":"k","desc":"the rate of exit from latency period","default_value":"1","tags":[]},{"id":6,"name":"e1","desc":"the fractions of symptomatic in subclass 1","default_value":"0.1","tags":[]},{"id":7,"name":"e2","desc":"the fractions of symptomatic in subclass 2","default_value":"0.3","tags":[]},{"id":8,"name":"v","desc":"vaccination rate","default_value":"1","tags":[]},{"id":9,"name":"b11","desc":"transmission rate inside-school population","default_value":"8","tags":["transmission"]}]},"initial_info":{"name":"AB2-fig8 -t2","notes":"Description here...","initializers":[{"id":1,"locale_regex":"UnitedArabEmirates.*","group":"*","compartment":"S1","value":"0.1999656237"},{"id":2,"locale_regex":"UnitedArabEmirates.*","group":"*","compartment":"S2","value":"0.7999191184"},{"id":3,"locale_regex":"UnitedArabEmirates.*","group":"*","compartment":"I1","value":"0.0000197281"},{"id":4,"locale_regex":"UnitedArabEmirates.*","group":"*","compartment":"I2","value":"0.0000955298"}],"region_name":"UnitedArabEmirates"},"groups":[],"group_specifications":[],"groups_locales_parameters":[],"facilities":[],"facilities_interactions":[],"facilities_timespent":[],"schedules":[{"id":"2","name":"lockdown","notes":"describe schedule for lockdown...","detail":[{"id":1,"start_date":"2022-01-04","end_date":"2022-01-20","control_params":[{"name":"b22","value":"0.25"},{"name":"b21","value":"0.4"},{"name":"b12","value":"0.4"}],"locales":"UnitedArabEmirates.*","has_trigger":false,"condition":"def isActive():\n\t# code here, this function must return a boolean value!\n\treturn True\n\t","repeat_config":{"repeat_type":"none","end_type":"never","end_date":"2022-02-10","end_times":0},"repetition_of":null}]},{"id":"3","name":"vaccination","notes":"describe schedule for vaccination...","detail":[{"id":1,"start_date":"2022-01-21","end_date":"2022-02-10","control_params":[{"name":"b22","value":"0.75"},{"name":"v","value":"0.2"}],"locales":"UnitedArabEmirates.*","has_trigger":false,"condition":"def isActive():\n\t# code here, this function must return a boolean value!\n\treturn True\n\t","repeat_config":{"repeat_type":"none","end_type":"never","end_date":"2022-12-31","end_times":0},"repetition_of":null}]},{"id":"4","name":"school_closure","notes":"describe schedule for school_closure...","detail":[{"id":1,"start_date":"2022-01-01","end_date":"2022-01-03","control_params":[{"name":"b11","value":"8"}],"locales":"UnitedArabEmirates.*","has_trigger":false,"condition":"def isActive():\n\t# code here, this function must return a boolean value!\n\treturn True\n\t","repeat_config":{"repeat_type":"none","end_type":"never","end_date":"2022-02-10","end_times":0},"repetition_of":null},{"id":2,"start_date":"2022-01-04","end_date":"2022-01-20","control_params":[{"name":"b11","value":"2"}],"locales":"UnitedArabEmirates.*","has_trigger":false,"condition":"def isActive():\n\t# code here, this function must return a boolean value!\n\treturn True\n\t","repeat_config":{"repeat_type":"none","end_type":"never","end_date":"2022-02-10","end_times":0},"repetition_of":null},{"id":3,"start_date":"2022-01-21","end_date":"2022-02-10","control_params":[{"name":"b11","value":"3"}],"locales":"UnitedArabEmirates.*","has_trigger":false,"condition":"def isActive():\n\t# code here, this function must return a boolean value!\n\treturn True\n\t","repeat_config":{"repeat_type":"none","end_type":"never","end_date":"2022-02-10","end_times":0},"repetition_of":null}]}],"references":[],"requests":[],"border":{"data":[],"specifications":[{}]},"airport":{"data":[],"specifications":[]},"facility":{"data":[],"specifications":[]}},"created_at":"2021-05-30T08:08:21.502Z"},{"status":"finished","id":"3","name":"Two-dose vaccination","session":{"features":{"data_source":"GPWv4","region":"UP","level":0,"year":2020,"start_date":"2021-01-01","end_date":"2021-12-31"},"interventions":[{"id":"1","name":"Vaccination","notes":"","control_params":[{"id":"1","name":"degree","description":"describe parameter 1 here...","default_value":"0"},{"id":"2","name":"max_capacity","description":"describe parameter 2 here...","default_value":"20000"},{"id":"3","name":"price_per_dose","description":"describe parameter 3 here...","default_value":"20"}],"effect":"def effect(cp, locales):\n    sim.move({'compartment':'S', 'locale':locales}, {'compartment':'V1', 'locale':locales}, cp['degree']*cp['max_capacity'])\n","cost":"def cost(cp, locales):\n    doses = cp['degree']*cp['max_capacity']\n    sim.add({\"intervention\":\"Vaccination\", 'locale':locales}, doses*cp['price_per_dose'])\n"}],"costs":[{"id":"1","name":"Infectious_cost","notes":"Infectious people burden the hospital system","intervention":null,"control_params":[{"id":"1","name":"cost_per_day","description":"describe parameter 1 here...","default_value":"100"}],"func":"def cost(cp):\n    infCount = sim.select({'compartment':'{\"tag\":\"infectious\"}'})['Value'].sum()\n    sim.add({\"intervention\":\"Infectious_cost\"}, infCount*cp['cost_per_day'])"}],"locales":[{"population":2224526,"area":99324,"name":"UnitedProvinces","id":"UP","parent_id":""}],"model":{"name":"Two-dose vaccine SIR","compartments":[{"id":1,"name":"S","desc":"Susceptible","equation":"-(beta * I * S / N) + nu * R - (v1 * S)","tags":["susceptible"]},{"id":2,"name":"I","desc":"Infected","equation":"(beta * I * S / N) + (p1 * beta * I * V1 / N)\n - (gamma * I)","tags":["infectious"]},{"id":3,"name":"R","desc":"Recovered","equation":"gamma * I - (nu * R)","tags":[]},{"id":4,"name":"V1","desc":"One-dose Vaccinated","equation":"v1 * S - v2 * V1 - (p1 * beta * I * V1 / N)","tags":["susceptible"]},{"id":5,"name":"V2","desc":"Two-dose Vaccinated","equation":"v2 * V1","tags":["vaccinated"]}],"parameters":[{"id":1,"name":"beta","desc":"Transmission rate","default_value":"0.3","tags":["transmission"]},{"id":2,"name":"gamma","desc":"Recovery rate","default_value":"0.125","tags":[]},{"id":3,"name":"nu","desc":"Immunity-loss rate","default_value":"0.03","tags":[]},{"id":4,"name":"v1","desc":"One-dose vaccination rate","default_value":"0","tags":[]},{"id":5,"name":"v2","desc":"Two-dose vaccination rate","default_value":"0.0476","tags":[]},{"id":6,"name":"p1","desc":"Reduction from transmission after first dose","default_value":"0.5","tags":[]}]},"initial_info":{"name":"Two-dose vaccination","notes":"","initializers":[{"id":1,"locale_regex":"UnitedProvinces.*","group":"*","compartment":"I","value":"100"},{"id":2,"locale_regex":"UnitedProvinces.*","group":"*","compartment":"V1","value":0},{"id":3,"locale_regex":"UnitedProvinces.*","group":"*","compartment":"S","value":"2224426"}],"region_name":"UnitedProvinces"},"groups":[],"group_specifications":[],"groups_locales_parameters":[],"facilities":[],"facilities_interactions":[],"facilities_timespent":[],"schedules":[{"id":"1","name":"Vaccination","notes":"describe schedule for Vaccination...","detail":[{"id":2,"start_date":"2021-03-01","end_date":"2021-04-30","control_params":[{"name":"degree","value":"1"},{"name":"max_capacity","value":"20000"},{"name":"price_per_dose","value":"20"}],"locales":"UnitedProvinces.*","has_trigger":false,"condition":"def isActive():\n\t# code here, this function must return a boolean value!\n\treturn True\n\t","repeat_config":{"repeat_type":"none","end_type":"never","end_date":"2021-12-31","end_times":0},"repetition_of":null}]}],"references":[],"requests":[],"border":{"data":[],"specifications":[{}]},"airport":{"data":[],"specifications":[]},"facility":{"data":[],"specifications":[]}},"created_at":"2021-05-30T09:26:00.400Z"},{"status":"finished","id":"4","name":"Two-dose vaccination ","session":{"features":{"data_source":"GPWv4","region":"UP","level":0,"year":2020,"start_date":"2021-01-01","end_date":"2021-12-31"},"interventions":[{"id":"1","name":"Vaccination","notes":"","control_params":[{"id":"1","name":"degree","description":"describe parameter 1 here...","default_value":"0"},{"id":"2","name":"max_capacity","description":"describe parameter 2 here...","default_value":"20000"},{"id":"3","name":"price_per_dose","description":"describe parameter 3 here...","default_value":"20"}],"effect":"def effect(cp, locales):\n    sim.move({'compartment':'S', 'locale':locales}, {'compartment':'V1', 'locale':locales}, cp['degree']*cp['max_capacity'])\n","cost":"def cost(cp, locales):\n    doses = cp['degree']*cp['max_capacity']\n    sim.add({\"intervention\":\"Vaccination\", 'locale':locales}, doses*cp['price_per_dose'])\n"}],"costs":[{"id":"1","name":"Infectious_cost","notes":"Infectious people burden the hospital system","intervention":null,"control_params":[{"id":"1","name":"cost_per_day","description":"describe parameter 1 here...","default_value":"100"}],"func":"def cost(cp):\n    infCount = sim.select({'compartment':'{\"tag\":\"infectious\"}'})['Value'].sum()\n    sim.add({\"intervention\":\"Infectious_cost\"}, infCount*cp['cost_per_day'])"}],"locales":[{"population":2224526,"area":99324,"name":"UnitedProvinces","id":"UP","parent_id":""}],"model":{"name":"Two-dose vaccine SIR","compartments":[{"id":1,"name":"S","desc":"Susceptible","equation":"-(beta * I * S / N) + nu * R - (v1 * S)","tags":["susceptible"]},{"id":2,"name":"I","desc":"Infected","equation":"(beta * I * S / N) + (p1 * beta * I * V1 / N)\n - (gamma * I)","tags":["infectious"]},{"id":3,"name":"R","desc":"Recovered","equation":"gamma * I - (nu * R)","tags":[]},{"id":4,"name":"V1","desc":"One-dose Vaccinated","equation":"v1 * S - v2 * V1 - (p1 * beta * I * V1 / N)","tags":["susceptible"]},{"id":5,"name":"V2","desc":"Two-dose Vaccinated","equation":"v2 * V1","tags":["vaccinated"]}],"parameters":[{"id":1,"name":"beta","desc":"Transmission rate","default_value":"0.3","tags":["transmission"]},{"id":2,"name":"gamma","desc":"Recovery rate","default_value":"0.125","tags":[]},{"id":3,"name":"nu","desc":"Immunity-loss rate","default_value":"0.03","tags":[]},{"id":4,"name":"v1","desc":"One-dose vaccination rate","default_value":"0","tags":[]},{"id":5,"name":"v2","desc":"Two-dose vaccination rate","default_value":"0.0476","tags":[]},{"id":6,"name":"p1","desc":"Reduction from transmission after first dose","default_value":"0.5","tags":[]}]},"initial_info":{"name":"Two-dose vaccination ","notes":"","initializers":[{"id":1,"locale_regex":"UnitedProvinces.*","group":"*","compartment":"I","value":"100"},{"id":2,"locale_regex":"UnitedProvinces.*","group":"*","compartment":"V1","value":0},{"id":3,"locale_regex":"UnitedProvinces.*","group":"*","compartment":"S","value":"2224426"}],"region_name":"UnitedProvinces"},"groups":[],"group_specifications":[],"groups_locales_parameters":[],"facilities":[],"facilities_interactions":[],"facilities_timespent":[],"schedules":[{"id":"1","name":"Vaccination","notes":"describe schedule for Vaccination...","detail":[{"id":2,"start_date":"2021-03-01","end_date":"2021-04-30","control_params":[{"name":"degree","value":"1"},{"name":"max_capacity","value":"20000"},{"name":"price_per_dose","value":"20"}],"locales":"UnitedProvinces.*","has_trigger":false,"condition":"def isActive():\n\t# code here, this function must return a boolean value!\n\treturn True\n\t","repeat_config":{"repeat_type":"none","end_type":"never","end_date":"2021-12-31","end_times":0},"repetition_of":null}]}],"references":[],"requests":[],"border":{"data":[],"specifications":[{}]},"airport":{"data":[],"specifications":[]},"facility":{"data":[],"specifications":[]}},"created_at":"2021-05-30T09:26:16.479Z"},{"status":"finished","id":"5","name":"Two-dose vaccination. ","session":{"features":{"data_source":"GPWv4","region":"UP","level":0,"year":2020,"start_date":"2021-01-01","end_date":"2021-12-31"},"interventions":[{"id":"1","name":"Vaccination","notes":"","control_params":[{"id":"1","name":"degree","description":"describe parameter 1 here...","default_value":"0"},{"id":"2","name":"max_capacity","description":"describe parameter 2 here...","default_value":"20000"},{"id":"3","name":"price_per_dose","description":"describe parameter 3 here...","default_value":"20"}],"effect":"def effect(cp, locales):\n    sim.move({'compartment':'S', 'locale':locales}, {'compartment':'V1', 'locale':locales}, cp['degree']*cp['max_capacity'])\n","cost":"def cost(cp, locales):\n    doses = cp['degree']*cp['max_capacity']\n    sim.add({\"intervention\":\"Vaccination\", 'locale':locales}, doses*cp['price_per_dose'])\n"}],"costs":[{"id":"1","name":"Infectious_cost","notes":"Infectious people burden the hospital system","intervention":null,"control_params":[{"id":"1","name":"cost_per_day","description":"describe parameter 1 here...","default_value":"100"}],"func":"def cost(cp):\n    infCount = sim.select({'compartment':'{\"tag\":\"infectious\"}'})['Value'].sum()\n    sim.add({\"intervention\":\"Infectious_cost\"}, infCount*cp['cost_per_day'])"}],"locales":[{"population":2224526,"area":99324,"name":"UnitedProvinces","id":"UP","parent_id":""}],"model":{"name":"Two-dose vaccine SIR","compartments":[{"id":1,"name":"S","desc":"Susceptible","equation":"-(beta * I * S / N) + nu * R - (v1 * S)","tags":["susceptible"]},{"id":2,"name":"I","desc":"Infected","equation":"(beta * I * S / N) + (p1 * beta * I * V1 / N)\n - (gamma * I)","tags":["infectious"]},{"id":3,"name":"R","desc":"Recovered","equation":"gamma * I - (nu * R)","tags":[]},{"id":4,"name":"V1","desc":"One-dose Vaccinated","equation":"v1 * S - v2 * V1 - (p1 * beta * I * V1 / N)","tags":["susceptible"]},{"id":5,"name":"V2","desc":"Two-dose Vaccinated","equation":"v2 * V1","tags":["vaccinated"]}],"parameters":[{"id":1,"name":"beta","desc":"Transmission rate","default_value":"0.3","tags":["transmission"]},{"id":2,"name":"gamma","desc":"Recovery rate","default_value":"0.125","tags":[]},{"id":3,"name":"nu","desc":"Immunity-loss rate","default_value":"0.03","tags":[]},{"id":4,"name":"v1","desc":"One-dose vaccination rate","default_value":"0","tags":[]},{"id":5,"name":"v2","desc":"Two-dose vaccination rate","default_value":"0.0476","tags":[]},{"id":6,"name":"p1","desc":"Reduction from transmission after first dose","default_value":"0.5","tags":[]}]},"initial_info":{"name":"Two-dose vaccination. ","notes":"","initializers":[{"id":1,"locale_regex":"UnitedProvinces.*","group":"*","compartment":"I","value":"100"},{"id":2,"locale_regex":"UnitedProvinces.*","group":"*","compartment":"V1","value":0},{"id":3,"locale_regex":"UnitedProvinces.*","group":"*","compartment":"S","value":"2224426"}],"region_name":"UnitedProvinces"},"groups":[],"group_specifications":[],"groups_locales_parameters":[],"facilities":[],"facilities_interactions":[],"facilities_timespent":[],"schedules":[{"id":"1","name":"Vaccination","notes":"describe schedule for Vaccination...","detail":[{"id":2,"start_date":"2021-03-01","end_date":"2021-04-30","control_params":[{"name":"degree","value":"1"},{"name":"max_capacity","value":"20000"},{"name":"price_per_dose","value":"20"}],"locales":"UnitedProvinces.*","has_trigger":false,"condition":"def isActive():\n\t# code here, this function must return a boolean value!\n\treturn True\n\t","repeat_config":{"repeat_type":"none","end_type":"never","end_date":"2021-12-31","end_times":0},"repetition_of":null}]}],"references":[],"requests":[],"border":{"data":[],"specifications":[{}]},"airport":{"data":[],"specifications":[]},"facility":{"data":[],"specifications":[]}},"created_at":"2021-05-30T09:27:17.027Z"},{"status":"finished","id":"6","name":"No vaccination ","session":{"features":{"data_source":"GPWv4","region":"UP","level":0,"year":2020,"start_date":"2021-01-01","end_date":"2021-12-31"},"interventions":[{"id":"1","name":"Vaccination","notes":"","control_params":[{"id":"1","name":"degree","description":"describe parameter 1 here...","default_value":"0"},{"id":"2","name":"max_capacity","description":"describe parameter 2 here...","default_value":"20000"},{"id":"3","name":"price_per_dose","description":"describe parameter 3 here...","default_value":"20"}],"effect":"def effect(cp, locales):\n    sim.move({'compartment':'S', 'locale':locales}, {'compartment':'V1', 'locale':locales}, cp['degree']*cp['max_capacity'])\n","cost":"def cost(cp, locales):\n    doses = cp['degree']*cp['max_capacity']\n    sim.add({\"intervention\":\"Vaccination\", 'locale':locales}, doses*cp['price_per_dose'])\n"}],"costs":[{"id":"1","name":"Infectious_cost","notes":"Infectious people burden the hospital system","intervention":null,"control_params":[{"id":"1","name":"cost_per_day","description":"describe parameter 1 here...","default_value":"100"}],"func":"def cost(cp):\n    infCount = sim.select({'compartment':'{\"tag\":\"infectious\"}'})['Value'].sum()\n    sim.add({\"intervention\":\"Infectious_cost\"}, infCount*cp['cost_per_day'])"}],"locales":[{"population":2224526,"area":99324,"name":"UnitedProvinces","id":"UP","parent_id":""}],"model":{"name":"Two-dose vaccine SIR","compartments":[{"id":1,"name":"S","desc":"Susceptible","equation":"-(beta * I * S / N) + nu * R - (v1 * S)","tags":["susceptible"]},{"id":2,"name":"I","desc":"Infected","equation":"(beta * I * S / N) + (p1 * beta * I * V1 / N)\n - (gamma * I)","tags":["infectious"]},{"id":3,"name":"R","desc":"Recovered","equation":"gamma * I - (nu * R)","tags":[]},{"id":4,"name":"V1","desc":"One-dose Vaccinated","equation":"v1 * S - v2 * V1 - (p1 * beta * I * V1 / N)","tags":["susceptible"]},{"id":5,"name":"V2","desc":"Two-dose Vaccinated","equation":"v2 * V1","tags":["vaccinated"]}],"parameters":[{"id":1,"name":"beta","desc":"Transmission rate","default_value":"0.3","tags":["transmission"]},{"id":2,"name":"gamma","desc":"Recovery rate","default_value":"0.125","tags":[]},{"id":3,"name":"nu","desc":"Immunity-loss rate","default_value":"0.03","tags":[]},{"id":4,"name":"v1","desc":"One-dose vaccination rate","default_value":"0","tags":[]},{"id":5,"name":"v2","desc":"Two-dose vaccination rate","default_value":"0.0476","tags":[]},{"id":6,"name":"p1","desc":"Reduction from transmission after first dose","default_value":"0.5","tags":[]}]},"initial_info":{"name":"No vaccination ","notes":"","initializers":[{"id":1,"locale_regex":"UnitedProvinces.*","group":"*","compartment":"I","value":"100"},{"id":2,"locale_regex":"UnitedProvinces.*","group":"*","compartment":"V1","value":0},{"id":3,"locale_regex":"UnitedProvinces.*","group":"*","compartment":"S","value":"2224426"}],"region_name":"UnitedProvinces"},"groups":[],"group_specifications":[],"groups_locales_parameters":[],"facilities":[],"facilities_interactions":[],"facilities_timespent":[],"schedules":[{"id":"1","name":"Vaccination","notes":"describe schedule for Vaccination...","detail":[{"id":2,"start_date":"2021-03-01","end_date":"2021-04-30","control_params":[{"name":"degree","value":"0"},{"name":"max_capacity","value":"20000"},{"name":"price_per_dose","value":"20"}],"locales":"UnitedProvinces.*","has_trigger":false,"condition":"def isActive():\n\t# code here, this function must return a boolean value!\n\treturn True\n\t","repeat_config":{"repeat_type":"none","end_type":"never","end_date":"2021-12-31","end_times":0},"repetition_of":null}]}],"references":[],"requests":[],"border":{"data":[],"specifications":[{}]},"airport":{"data":[],"specifications":[]},"facility":{"data":[],"specifications":[]}},"created_at":"2021-05-30T09:28:46.731Z"},{"status":"finished","id":"7","name":"Increasing hospital capacity","session":{"features":{"data_source":"GPWv4","region":"UP","level":0,"year":2020,"start_date":"2021-01-01","end_date":"2021-12-31"},"interventions":[{"id":"1","name":"Hospitalization","notes":"","control_params":[{"id":"1","name":"capacity","description":"describe parameter 1 here...","default_value":"50000"}],"effect":"def effect(cp, locales):\n    hosCount = sim.select({'compartment':'H'})['Value'].sum()\n    infCount = sim.select({'compartment':'I'})['Value'].sum()\n    defaultIh = sim.select({'parameter':'ih', 'value-mode':'default'})['Value'].mean()\n    if infCount > 0:\n        ih = (cp['capacity'] - hosCount) / infCount\n        ih = min(max(ih, 0), defaultIh)\n        sim.apply({\"parameter\":\"ih\"}, ih/defaultIh)","cost":"def cost(cp, locales):\n    return"}],"costs":[{"id":"1","name":"Infectious_cost","notes":"","intervention":null,"control_params":[{"id":"1","name":"cost_per_day","description":"describe parameter 1 here...","default_value":"100"}],"func":"def cost(cp):\n    infCount = sim.select({'compartment':'{\"tag\":\"infectious\"}'})['Value'].sum()\n    sim.add({\"intervention\":\"Infectious_cost\"}, infCount*cp['cost_per_day'])\n"},{"id":"2","name":"Hospitalized_cost","notes":"","intervention":null,"control_params":[{"id":"1","name":"cost_per_day","description":"describe parameter 1 here...","default_value":"20"}],"func":"def cost(cp):\n    hosCount = sim.select({'compartment':'H'})['Value'].sum()\n    sim.add({\"intervention\":\"Hospitalized_cost\"}, hosCount*cp['cost_per_day'])\n"},{"id":"3","name":"Death_cost","notes":"","intervention":null,"control_params":[{"id":"1","name":"cost_per_death","description":"describe parameter 1 here...","default_value":"10000"}],"func":"def cost(cp):\n    deathInc = sim.select({'compartment':'D', 'value-mode':'change'})['Value'].sum()\n    sim.add({\"intervention\":\"Death_cost\"}, deathInc*cp['cost_per_death'])\n"}],"locales":[{"population":2224526,"area":99324,"name":"UnitedProvinces","id":"UP","parent_id":""}],"model":{"name":"Hospitalized SIRD","compartments":[{"id":1,"name":"S","desc":"Susceptible","equation":"-(beta * I * S / N)","tags":["susceptible"]},{"id":2,"name":"I","desc":"Infected","equation":"(beta * I * S / N) - (ih * I) - (ri * di * I) - ri * (1 - di) * I","tags":["infectious"]},{"id":3,"name":"R","desc":"Recovered","equation":"ri * (1 - di) * I + rh * (1 - dh) * H","tags":["recovered"]},{"id":4,"name":"H","desc":"Hospitalized","equation":"ih * I - (rh * dh * H) - rh * (1 - dh) * H","tags":["hospitalized"]},{"id":5,"name":"D","desc":"Death","equation":"ri * di * I + rh * dh * H","tags":["death"]}],"parameters":[{"id":1,"name":"beta","desc":"Transmission rate","default_value":"0.3","tags":["transmission"]},{"id":2,"name":"ri","desc":"Recovery rate from infectious","default_value":"0.03","tags":[]},{"id":3,"name":"di","desc":"Mortality rate from infectious","default_value":"0.1","tags":[]},{"id":4,"name":"rh","desc":"Recovery rate from hospitalization","default_value":"0.05","tags":[]},{"id":5,"name":"dh","desc":"Mortality rate from hospitalization","default_value":"0.01","tags":[]},{"id":6,"name":"ih","desc":"Hospitalization rate","default_value":"0.125","tags":[]}]},"initial_info":{"name":"Increasing hospital capacity","notes":"","initializers":[{"id":1,"locale_regex":"UnitedProvinces.*","group":"*","compartment":"I","value":"100"}],"region_name":"UnitedProvinces"},"groups":[],"group_specifications":[],"groups_locales_parameters":[],"facilities":[],"facilities_interactions":[],"facilities_timespent":[],"schedules":[{"id":"1","name":"Hospitalization","notes":"describe schedule for Hospitalization...","detail":[{"id":1,"start_date":"2021-01-01","end_date":"2021-02-28","control_params":[{"name":"capacity","value":"100000"}],"locales":"UnitedProvinces.*","has_trigger":false,"condition":"def isActive():\n\t# code here, this function must return a boolean value!\n\treturn True\n\t","repeat_config":{"repeat_type":"none","end_type":"never","end_date":"2021-12-31","end_times":0},"repetition_of":null},{"id":2,"start_date":"2021-03-01","end_date":"2021-12-31","control_params":[{"name":"capacity","value":"400000"}],"locales":"UnitedProvinces.*","has_trigger":false,"condition":"def isActive():\n\t# code here, this function must return a boolean value!\n\treturn True\n\t","repeat_config":{"repeat_type":"none","end_type":"never","end_date":"2021-12-31","end_times":0},"repetition_of":null}]}],"references":[],"requests":[],"border":{"data":[],"specifications":[{}]},"airport":{"data":[],"specifications":[]},"facility":{"data":[],"specifications":[]}},"created_at":"2021-05-30T10:16:48.167Z"},{"status":"finished","id":"8","name":"Hospital capacity stays at 100000","session":{"features":{"data_source":"GPWv4","region":"UP","level":0,"year":2020,"start_date":"2021-01-01","end_date":"2021-12-31"},"interventions":[{"id":"1","name":"Hospitalization","notes":"","control_params":[{"id":"1","name":"capacity","description":"describe parameter 1 here...","default_value":"50000"}],"effect":"def effect(cp, locales):\n    hosCount = sim.select({'compartment':'H'})['Value'].sum()\n    infCount = sim.select({'compartment':'I'})['Value'].sum()\n    defaultIh = sim.select({'parameter':'ih', 'value-mode':'default'})['Value'].mean()\n    if infCount > 0:\n        ih = (cp['capacity'] - hosCount) / infCount\n        ih = min(max(ih, 0), defaultIh)\n        sim.apply({\"parameter\":\"ih\"}, ih/defaultIh)","cost":"def cost(cp, locales):\n    return"}],"costs":[{"id":"1","name":"Infectious_cost","notes":"","intervention":null,"control_params":[{"id":"1","name":"cost_per_day","description":"describe parameter 1 here...","default_value":"100"}],"func":"def cost(cp):\n    infCount = sim.select({'compartment':'{\"tag\":\"infectious\"}'})['Value'].sum()\n    sim.add({\"intervention\":\"Infectious_cost\"}, infCount*cp['cost_per_day'])\n"},{"id":"2","name":"Hospitalized_cost","notes":"","intervention":null,"control_params":[{"id":"1","name":"cost_per_day","description":"describe parameter 1 here...","default_value":"20"}],"func":"def cost(cp):\n    hosCount = sim.select({'compartment':'H'})['Value'].sum()\n    sim.add({\"intervention\":\"Hospitalized_cost\"}, hosCount*cp['cost_per_day'])\n"},{"id":"3","name":"Death_cost","notes":"","intervention":null,"control_params":[{"id":"1","name":"cost_per_death","description":"describe parameter 1 here...","default_value":"10000"}],"func":"def cost(cp):\n    deathInc = sim.select({'compartment':'D', 'value-mode':'change'})['Value'].sum()\n    sim.add({\"intervention\":\"Death_cost\"}, deathInc*cp['cost_per_death'])\n"}],"locales":[{"population":2224526,"area":99324,"name":"UnitedProvinces","id":"UP","parent_id":""}],"model":{"name":"Hospitalized SIRD","compartments":[{"id":1,"name":"S","desc":"Susceptible","equation":"-(beta * I * S / N)","tags":["susceptible"]},{"id":2,"name":"I","desc":"Infected","equation":"(beta * I * S / N) - (ih * I) - (ri * di * I) - ri * (1 - di) * I","tags":["infectious"]},{"id":3,"name":"R","desc":"Recovered","equation":"ri * (1 - di) * I + rh * (1 - dh) * H","tags":["recovered"]},{"id":4,"name":"H","desc":"Hospitalized","equation":"ih * I - (rh * dh * H) - rh * (1 - dh) * H","tags":["hospitalized"]},{"id":5,"name":"D","desc":"Death","equation":"ri * di * I + rh * dh * H","tags":["death"]}],"parameters":[{"id":1,"name":"beta","desc":"Transmission rate","default_value":"0.3","tags":["transmission"]},{"id":2,"name":"ri","desc":"Recovery rate from infectious","default_value":"0.03","tags":[]},{"id":3,"name":"di","desc":"Mortality rate from infectious","default_value":"0.1","tags":[]},{"id":4,"name":"rh","desc":"Recovery rate from hospitalization","default_value":"0.05","tags":[]},{"id":5,"name":"dh","desc":"Mortality rate from hospitalization","default_value":"0.01","tags":[]},{"id":6,"name":"ih","desc":"Hospitalization rate","default_value":"0.125","tags":[]}]},"initial_info":{"name":"Hospital capacity stays at 100000","notes":"","initializers":[{"id":1,"locale_regex":"UnitedProvinces.*","group":"*","compartment":"I","value":"100"}],"region_name":"UnitedProvinces"},"groups":[],"group_specifications":[],"groups_locales_parameters":[],"facilities":[],"facilities_interactions":[],"facilities_timespent":[],"schedules":[{"id":"1","name":"Hospitalization","notes":"describe schedule for Hospitalization...","detail":[{"id":1,"start_date":"2021-01-01","end_date":"2021-02-28","control_params":[{"name":"capacity","value":"100000"}],"locales":"UnitedProvinces.*","has_trigger":false,"condition":"def isActive():\n\t# code here, this function must return a boolean value!\n\treturn True\n\t","repeat_config":{"repeat_type":"none","end_type":"never","end_date":"2021-12-31","end_times":0},"repetition_of":null},{"id":2,"start_date":"2021-03-01","end_date":"2021-12-31","control_params":[{"name":"capacity","value":"100000"}],"locales":"UnitedProvinces.*","has_trigger":false,"condition":"def isActive():\n\t# code here, this function must return a boolean value!\n\treturn True\n\t","repeat_config":{"repeat_type":"none","end_type":"never","end_date":"2021-12-31","end_times":0},"repetition_of":null}]}],"references":[],"requests":[],"border":{"data":[],"specifications":[{}]},"airport":{"data":[],"specifications":[]},"facility":{"data":[],"specifications":[]}},"created_at":"2021-05-30T10:18:48.691Z"},{"status":"finished","id":"9","name":"Mask without Border closure","session":{"features":{"data_source":"GPWv4","region":"UP","level":1,"year":2020,"start_date":"2021-01-01","end_date":"2021-12-31"},"interventions":[{"id":"1","name":"Mask","notes":"","control_params":[{"id":"1","name":"cost_per_day","description":"describe parameter 1 here...","default_value":"0.027"},{"id":"2","name":"compliance","description":"describe parameter 2 here...","default_value":"0"}],"effect":"def effect(cp, locales):\n    sim.apply({'parameter':'beta', 'facility':'~Household', 'locale':locales}, 1-cp['compliance']*0.7)","cost":"def cost(cp, locales):\n    complianceCount = sim.select({'compartment':'*', 'locale':locales})['Value'].sum() * cp['compliance']\n    sim.add({\"intervention\":\"Mask\"}, complianceCount*cp['cost_per_day'])"},{"id":"2","name":"Border","notes":"","control_params":[{"id":"1","name":"degree","description":"describe parameter 1 here...","default_value":"0"},{"id":"2","name":"cost_per_day","description":"describe parameter 2 here...","default_value":"10"}],"effect":"def effect(cp, locales):\n    sim.apply({'locale-from':locales, 'locale-to':'~'+locales, 'group':'*'}, 1-cp['degree'])\n    sim.apply({'locale-from':'~'+locales, 'locale-to':locales, 'group':'*'}, 1-cp['degree'])","cost":"def cost(cp, locales):\n    affectedCount = sim.select({'compartment':'*', 'locale':locales})['Value'].sum() * cp['degree']\n    sim.add({\"intervention\":\"Border\"}, affectedCount*cp['cost_per_day'])"}],"costs":[{"id":"1","name":"Infectious_cost","notes":"","intervention":null,"control_params":[{"id":"1","name":"cost_per_day","description":"describe parameter 1 here...","default_value":"100"}],"func":"def cost(cp):\n    infCount = sim.select({'compartment':'{\"tag\":\"infectious\"}'})['Value'].sum()\n    sim.add({\"intervention\":\"Infectious_cost\"}, infCount*cp['cost_per_day'])"}],"locales":[{"population":1012394,"area":99324,"name":"UnitedProvinces","id":"UP","parent_id":""},{"population":202478.8,"area":44619,"name":"UnitedProvinces.Pastures","id":"UP.Pastures","parent_id":"UP"},{"population":313842.14,"area":24504,"name":"UnitedProvinces.Hills","id":"UP.Hills","parent_id":"UP"},{"population":496073.06,"area":30201,"name":"UnitedProvinces.Beaches","id":"UP.Beaches","parent_id":"UP"}],"model":{"name":"SIRS","compartments":[{"id":1,"name":"S","desc":"Susceptible","equation":"-(beta * I * S / N) + eta * R","tags":["susceptible"]},{"id":2,"name":"I","desc":"Infected","equation":"(beta * I * S / N) - (gamma * I)","tags":["infectious"]},{"id":3,"name":"R","desc":"Recovered","equation":"gamma * I - eta * R","tags":[]}],"parameters":[{"id":1,"name":"beta","desc":"Transmission rate","default_value":"0.25","tags":["transmission"]},{"id":2,"name":"gamma","desc":"Recovery rate","default_value":"0.125","tags":[]},{"id":3,"name":"eta","desc":"Immunity loss rate","default_value":"0.03","tags":[]}]},"initial_info":{"name":"Mask without Border closure","notes":"","initializers":[{"id":1,"locale_regex":"UnitedProvinces.Pastures","group":"Adults","compartment":"I","value":"100"}],"region_name":"UnitedProvinces"},"groups":[{"name":"Children","description":"","locales":[{"name":"UnitedProvinces.Pastures","id":"UP.Pastures","population":0.255},{"name":"UnitedProvinces.Hills","id":"UP.Hills","population":0.255},{"name":"UnitedProvinces.Beaches","id":"UP.Beaches","population":0.255}],"properties":{"type":"GPWv4","gender":["m","f"],"age":[0,19]}},{"name":"Adults","description":"","locales":[{"name":"UnitedProvinces.Pastures","id":"UP.Pastures","population":0.681},{"name":"UnitedProvinces.Hills","id":"UP.Hills","population":0.681},{"name":"UnitedProvinces.Beaches","id":"UP.Beaches","population":0.681}],"properties":{"type":"GPWv4","gender":["m","f"],"age":[20,49]}},{"name":"Seniors","description":"","locales":[{"name":"UnitedProvinces.Pastures","id":"UP.Pastures","population":0.063},{"name":"UnitedProvinces.Hills","id":"UP.Hills","population":0.063},{"name":"UnitedProvinces.Beaches","id":"UP.Beaches","population":0.063}],"properties":{"type":"GPWv4","gender":["m","f"],"age":[50,84]}}],"group_specifications":[],"groups_locales_parameters":[{"id":0,"param":"beta","locale":"UnitedProvinces.Pastures","group":"Children","value":"0.25"},{"id":1,"param":"beta","locale":"UnitedProvinces.Hills","group":"Children","value":"0.25"},{"id":2,"param":"beta","locale":"UnitedProvinces.Beaches","group":"Children","value":"0.25"},{"id":3,"param":"gamma","locale":"UnitedProvinces.Pastures","group":"Children","value":"0.125"},{"id":4,"param":"gamma","locale":"UnitedProvinces.Hills","group":"Children","value":"0.125"},{"id":5,"param":"gamma","locale":"UnitedProvinces.Beaches","group":"Children","value":"0.125"},{"id":6,"param":"eta","locale":"UnitedProvinces.Pastures","group":"Children","value":"0.03"},{"id":7,"param":"eta","locale":"UnitedProvinces.Hills","group":"Children","value":"0.03"},{"id":8,"param":"eta","locale":"UnitedProvinces.Beaches","group":"Children","value":"0.03"},{"id":9,"param":"beta","locale":"UnitedProvinces.Pastures","group":"Adults","value":"0.25"},{"id":10,"param":"beta","locale":"UnitedProvinces.Hills","group":"Adults","value":"0.25"},{"id":11,"param":"beta","locale":"UnitedProvinces.Beaches","group":"Adults","value":"0.25"},{"id":12,"param":"gamma","locale":"UnitedProvinces.Pastures","group":"Adults","value":"0.125"},{"id":13,"param":"gamma","locale":"UnitedProvinces.Hills","group":"Adults","value":"0.125"},{"id":14,"param":"gamma","locale":"UnitedProvinces.Beaches","group":"Adults","value":"0.125"},{"id":15,"param":"eta","locale":"UnitedProvinces.Pastures","group":"Adults","value":"0.03"},{"id":16,"param":"eta","locale":"UnitedProvinces.Hills","group":"Adults","value":"0.03"},{"id":17,"param":"eta","locale":"UnitedProvinces.Beaches","group":"Adults","value":"0.03"},{"id":18,"param":"beta","locale":"UnitedProvinces.Pastures","group":"Seniors","value":"0.25"},{"id":19,"param":"beta","locale":"UnitedProvinces.Hills","group":"Seniors","value":"0.25"},{"id":20,"param":"beta","locale":"UnitedProvinces.Beaches","group":"Seniors","value":"0.25"},{"id":21,"param":"gamma","locale":"UnitedProvinces.Pastures","group":"Seniors","value":"0.125"},{"id":22,"param":"gamma","locale":"UnitedProvinces.Hills","group":"Seniors","value":"0.125"},{"id":23,"param":"gamma","locale":"UnitedProvinces.Beaches","group":"Seniors","value":"0.125"},{"id":24,"param":"eta","locale":"UnitedProvinces.Pastures","group":"Seniors","value":"0.03"},{"id":25,"param":"eta","locale":"UnitedProvinces.Hills","group":"Seniors","value":"0.03"},{"id":26,"param":"eta","locale":"UnitedProvinces.Beaches","group":"Seniors","value":"0.03"}],"facilities":[{"id":1,"name":"Household","description":"The household facility represents the pairwise connections between household members. Unlike schools and workplaces, everyone must be assigned to a household."},{"id":2,"name":"School","description":"The school facility represents all of the pairwise connections between people in schools, including both students and teachers. The current methods in SynthPops treat student and worker status as mutually exclusive."},{"id":3,"name":"Workplace","description":"The workplace facility represents all of the pairwise connections between people in workplaces, except for teachers working in schools. After some workers are assigned to the school contact layer as teachers, all remaining workers are assigned to workplaces. Workplaces are special in that there is little/no age structure so workers of all ages may be present in every workplace."},{"id":4,"name":"Community","description":"The community facility reflects the nature of contacts in shared public spaces like parks and recreational spaces, shopping centres, community centres, and public transportation. All links between individuals are considered undirected to reflect the ability of either individual in the pair to infect each other."}],"facilities_interactions":[{"locales":"UnitedProvinces.*","facilities":[[[0.37,0.45,0.18],[0.34,0.51,0.15],[0.26,0.29,0.45]],[[0.92,0.08,0.01],[0.65,0.35,0],[0.78,0.22,0]],[[0,0.64,0.36],[0.03,0.75,0.22],[0.04,0.69,0.27]],[[0.54,0.33,0.13],[0.15,0.61,0.24],[0.11,0.43,0.46]]]}],"facilities_timespent":[{"locales":"UnitedProvinces.*","matrix":[[0.4,0.4,0.46],[0.31,0.09,0.03],[0.08,0.31,0.27],[0.2,0.2,0.23]]}],"schedules":[{"id":"1","name":"Mask","notes":"describe schedule for Mask...","detail":[{"id":1,"start_date":"2021-01-01","end_date":"2021-02-28","control_params":[{"name":"cost_per_day","value":"0.027"},{"name":"compliance","value":"0"}],"locales":"UnitedProvinces.*","has_trigger":false,"condition":"def isActive():\n\t# code here, this function must return a boolean value!\n\treturn True\n\t","repeat_config":{"repeat_type":"none","end_type":"never","end_date":"2021-12-31","end_times":0},"repetition_of":null},{"id":2,"start_date":"2021-03-01","end_date":"2021-12-31","control_params":[{"name":"cost_per_day","value":"0.027"},{"name":"compliance","value":"0.9"}],"locales":"UnitedProvinces.*","has_trigger":false,"condition":"def isActive():\n\t# code here, this function must return a boolean value!\n\treturn True\n\t","repeat_config":{"repeat_type":"none","end_type":"never","end_date":"2021-12-31","end_times":0},"repetition_of":null}]},{"id":"2","name":"Border","notes":"describe schedule for Border...","detail":[{"id":1,"start_date":"2021-01-01","end_date":"2021-04-30","control_params":[{"name":"degree","value":"0"},{"name":"cost_per_day","value":"10"}],"locales":"UnitedProvinces.Pastures","has_trigger":false,"condition":"def isActive():\n\t# code here, this function must return a boolean value!\n\treturn True\n\t","repeat_config":{"repeat_type":"none","end_type":"never","end_date":"2021-12-31","end_times":0},"repetition_of":null},{"id":2,"start_date":"2021-05-01","end_date":"2021-12-31","control_params":[{"name":"degree","value":"0"},{"name":"cost_per_day","value":"10"}],"locales":"UnitedProvinces.Pastures","has_trigger":false,"condition":"def isActive():\n\t# code here, this function must return a boolean value!\n\treturn True\n\t","repeat_config":{"repeat_type":"none","end_type":"never","end_date":"2021-12-31","end_times":0},"repetition_of":null}]}],"references":[],"requests":[],"border":{"data":[{"src_locale":"UnitedProvinces.Pastures","dst_locale":"UnitedProvinces.Beaches","src_locale_id":"UP.Pastures","dst_locale_id":"UP.Beaches","group":"*","value":0.4},{"src_locale":"UnitedProvinces.Hills","dst_locale":"UnitedProvinces.Beaches","src_locale_id":"UP.Hills","dst_locale_id":"UP.Beaches","group":"*","value":0.6},{"src_locale":"UnitedProvinces.Beaches","dst_locale":"UnitedProvinces.Pastures","src_locale_id":"UP.Beaches","dst_locale_id":"UP.Pastures","group":"*","value":0.3},{"src_locale":"UnitedProvinces.Beaches","dst_locale":"UnitedProvinces.Hills","src_locale_id":"UP.Beaches","dst_locale_id":"UP.Hills","group":"*","value":0.7}],"specifications":[{"id":1,"src_locale":"UnitedProvinces.*","dst_locale":"UnitedProvinces.*","group":"*","value":0,"impedance":70,"mobility_source":"GPWv4"}]},"airport":{"data":[],"specifications":[]},"facility":{"data":[],"specifications":[]}},"created_at":"2021-05-30T11:07:11.066Z"},{"status":"finished","id":"10","name":"Mask with Border closure","session":{"features":{"data_source":"GPWv4","region":"UP","level":1,"year":2020,"start_date":"2021-01-01","end_date":"2021-12-31"},"interventions":[{"id":"1","name":"Mask","notes":"","control_params":[{"id":"1","name":"cost_per_day","description":"describe parameter 1 here...","default_value":"0.027"},{"id":"2","name":"compliance","description":"describe parameter 2 here...","default_value":"0"}],"effect":"def effect(cp, locales):\n    sim.apply({'parameter':'beta', 'facility':'~Household', 'locale':locales}, 1-cp['compliance']*0.7)","cost":"def cost(cp, locales):\n    complianceCount = sim.select({'compartment':'*', 'locale':locales})['Value'].sum() * cp['compliance']\n    sim.add({\"intervention\":\"Mask\"}, complianceCount*cp['cost_per_day'])"},{"id":"2","name":"Border","notes":"","control_params":[{"id":"1","name":"degree","description":"describe parameter 1 here...","default_value":"0"},{"id":"2","name":"cost_per_day","description":"describe parameter 2 here...","default_value":"10"}],"effect":"def effect(cp, locales):\n    sim.apply({'locale-from':locales, 'locale-to':'~'+locales, 'group':'*'}, 1-cp['degree'])\n    sim.apply({'locale-from':'~'+locales, 'locale-to':locales, 'group':'*'}, 1-cp['degree'])","cost":"def cost(cp, locales):\n    affectedCount = sim.select({'compartment':'*', 'locale':locales})['Value'].sum() * cp['degree']\n    sim.add({\"intervention\":\"Border\"}, affectedCount*cp['cost_per_day'])"}],"costs":[{"id":"1","name":"Infectious_cost","notes":"","intervention":null,"control_params":[{"id":"1","name":"cost_per_day","description":"describe parameter 1 here...","default_value":"100"}],"func":"def cost(cp):\n    infCount = sim.select({'compartment':'{\"tag\":\"infectious\"}'})['Value'].sum()\n    sim.add({\"intervention\":\"Infectious_cost\"}, infCount*cp['cost_per_day'])"}],"locales":[{"population":1012394,"area":99324,"name":"UnitedProvinces","id":"UP","parent_id":""},{"population":202478.8,"area":44619,"name":"UnitedProvinces.Pastures","id":"UP.Pastures","parent_id":"UP"},{"population":313842.14,"area":24504,"name":"UnitedProvinces.Hills","id":"UP.Hills","parent_id":"UP"},{"population":496073.06,"area":30201,"name":"UnitedProvinces.Beaches","id":"UP.Beaches","parent_id":"UP"}],"model":{"name":"SIRS","compartments":[{"id":1,"name":"S","desc":"Susceptible","equation":"-(beta * I * S / N) + eta * R","tags":["susceptible"]},{"id":2,"name":"I","desc":"Infected","equation":"(beta * I * S / N) - (gamma * I)","tags":["infectious"]},{"id":3,"name":"R","desc":"Recovered","equation":"gamma * I - eta * R","tags":[]}],"parameters":[{"id":1,"name":"beta","desc":"Transmission rate","default_value":"0.25","tags":["transmission"]},{"id":2,"name":"gamma","desc":"Recovery rate","default_value":"0.125","tags":[]},{"id":3,"name":"eta","desc":"Immunity loss rate","default_value":"0.03","tags":[]}]},"initial_info":{"name":"Mask with Border closure","notes":"","initializers":[{"id":1,"locale_regex":"UnitedProvinces.Pastures","group":"Adults","compartment":"I","value":"100"}],"region_name":"UnitedProvinces"},"groups":[{"name":"Children","description":"","locales":[{"name":"UnitedProvinces.Pastures","id":"UP.Pastures","population":0.255},{"name":"UnitedProvinces.Hills","id":"UP.Hills","population":0.255},{"name":"UnitedProvinces.Beaches","id":"UP.Beaches","population":0.255}],"properties":{"type":"GPWv4","gender":["m","f"],"age":[0,19]}},{"name":"Adults","description":"","locales":[{"name":"UnitedProvinces.Pastures","id":"UP.Pastures","population":0.681},{"name":"UnitedProvinces.Hills","id":"UP.Hills","population":0.681},{"name":"UnitedProvinces.Beaches","id":"UP.Beaches","population":0.681}],"properties":{"type":"GPWv4","gender":["m","f"],"age":[20,49]}},{"name":"Seniors","description":"","locales":[{"name":"UnitedProvinces.Pastures","id":"UP.Pastures","population":0.063},{"name":"UnitedProvinces.Hills","id":"UP.Hills","population":0.063},{"name":"UnitedProvinces.Beaches","id":"UP.Beaches","population":0.063}],"properties":{"type":"GPWv4","gender":["m","f"],"age":[50,84]}}],"group_specifications":[],"groups_locales_parameters":[{"id":0,"param":"beta","locale":"UnitedProvinces.Pastures","group":"Children","value":"0.25"},{"id":1,"param":"beta","locale":"UnitedProvinces.Hills","group":"Children","value":"0.25"},{"id":2,"param":"beta","locale":"UnitedProvinces.Beaches","group":"Children","value":"0.25"},{"id":3,"param":"gamma","locale":"UnitedProvinces.Pastures","group":"Children","value":"0.125"},{"id":4,"param":"gamma","locale":"UnitedProvinces.Hills","group":"Children","value":"0.125"},{"id":5,"param":"gamma","locale":"UnitedProvinces.Beaches","group":"Children","value":"0.125"},{"id":6,"param":"eta","locale":"UnitedProvinces.Pastures","group":"Children","value":"0.03"},{"id":7,"param":"eta","locale":"UnitedProvinces.Hills","group":"Children","value":"0.03"},{"id":8,"param":"eta","locale":"UnitedProvinces.Beaches","group":"Children","value":"0.03"},{"id":9,"param":"beta","locale":"UnitedProvinces.Pastures","group":"Adults","value":"0.25"},{"id":10,"param":"beta","locale":"UnitedProvinces.Hills","group":"Adults","value":"0.25"},{"id":11,"param":"beta","locale":"UnitedProvinces.Beaches","group":"Adults","value":"0.25"},{"id":12,"param":"gamma","locale":"UnitedProvinces.Pastures","group":"Adults","value":"0.125"},{"id":13,"param":"gamma","locale":"UnitedProvinces.Hills","group":"Adults","value":"0.125"},{"id":14,"param":"gamma","locale":"UnitedProvinces.Beaches","group":"Adults","value":"0.125"},{"id":15,"param":"eta","locale":"UnitedProvinces.Pastures","group":"Adults","value":"0.03"},{"id":16,"param":"eta","locale":"UnitedProvinces.Hills","group":"Adults","value":"0.03"},{"id":17,"param":"eta","locale":"UnitedProvinces.Beaches","group":"Adults","value":"0.03"},{"id":18,"param":"beta","locale":"UnitedProvinces.Pastures","group":"Seniors","value":"0.25"},{"id":19,"param":"beta","locale":"UnitedProvinces.Hills","group":"Seniors","value":"0.25"},{"id":20,"param":"beta","locale":"UnitedProvinces.Beaches","group":"Seniors","value":"0.25"},{"id":21,"param":"gamma","locale":"UnitedProvinces.Pastures","group":"Seniors","value":"0.125"},{"id":22,"param":"gamma","locale":"UnitedProvinces.Hills","group":"Seniors","value":"0.125"},{"id":23,"param":"gamma","locale":"UnitedProvinces.Beaches","group":"Seniors","value":"0.125"},{"id":24,"param":"eta","locale":"UnitedProvinces.Pastures","group":"Seniors","value":"0.03"},{"id":25,"param":"eta","locale":"UnitedProvinces.Hills","group":"Seniors","value":"0.03"},{"id":26,"param":"eta","locale":"UnitedProvinces.Beaches","group":"Seniors","value":"0.03"}],"facilities":[{"id":1,"name":"Household","description":"The household facility represents the pairwise connections between household members. Unlike schools and workplaces, everyone must be assigned to a household."},{"id":2,"name":"School","description":"The school facility represents all of the pairwise connections between people in schools, including both students and teachers. The current methods in SynthPops treat student and worker status as mutually exclusive."},{"id":3,"name":"Workplace","description":"The workplace facility represents all of the pairwise connections between people in workplaces, except for teachers working in schools. After some workers are assigned to the school contact layer as teachers, all remaining workers are assigned to workplaces. Workplaces are special in that there is little/no age structure so workers of all ages may be present in every workplace."},{"id":4,"name":"Community","description":"The community facility reflects the nature of contacts in shared public spaces like parks and recreational spaces, shopping centres, community centres, and public transportation. All links between individuals are considered undirected to reflect the ability of either individual in the pair to infect each other."}],"facilities_interactions":[{"locales":"UnitedProvinces.*","facilities":[[[0.37,0.45,0.18],[0.34,0.51,0.15],[0.26,0.29,0.45]],[[0.92,0.08,0.01],[0.65,0.35,0],[0.78,0.22,0]],[[0,0.64,0.36],[0.03,0.75,0.22],[0.04,0.69,0.27]],[[0.54,0.33,0.13],[0.15,0.61,0.24],[0.11,0.43,0.46]]]}],"facilities_timespent":[{"locales":"UnitedProvinces.*","matrix":[[0.4,0.4,0.46],[0.31,0.09,0.03],[0.08,0.31,0.27],[0.2,0.2,0.23]]}],"schedules":[{"id":"1","name":"Mask","notes":"describe schedule for Mask...","detail":[{"id":1,"start_date":"2021-01-01","end_date":"2021-02-28","control_params":[{"name":"cost_per_day","value":"0.027"},{"name":"compliance","value":"0"}],"locales":"UnitedProvinces.*","has_trigger":false,"condition":"def isActive():\n\t# code here, this function must return a boolean value!\n\treturn True\n\t","repeat_config":{"repeat_type":"none","end_type":"never","end_date":"2021-12-31","end_times":0},"repetition_of":null},{"id":2,"start_date":"2021-03-01","end_date":"2021-12-31","control_params":[{"name":"cost_per_day","value":"0.027"},{"name":"compliance","value":"0.9"}],"locales":"UnitedProvinces.*","has_trigger":false,"condition":"def isActive():\n\t# code here, this function must return a boolean value!\n\treturn True\n\t","repeat_config":{"repeat_type":"none","end_type":"never","end_date":"2021-12-31","end_times":0},"repetition_of":null}]},{"id":"2","name":"Border","notes":"describe schedule for Border...","detail":[{"id":1,"start_date":"2021-01-01","end_date":"2021-04-30","control_params":[{"name":"degree","value":"1"},{"name":"cost_per_day","value":"10"}],"locales":"UnitedProvinces.Pastures","has_trigger":false,"condition":"def isActive():\n\t# code here, this function must return a boolean value!\n\treturn True\n\t","repeat_config":{"repeat_type":"none","end_type":"never","end_date":"2021-12-31","end_times":0},"repetition_of":null},{"id":2,"start_date":"2021-05-01","end_date":"2021-12-31","control_params":[{"name":"degree","value":"1"},{"name":"cost_per_day","value":"10"}],"locales":"UnitedProvinces.Pastures","has_trigger":false,"condition":"def isActive():\n\t# code here, this function must return a boolean value!\n\treturn True\n\t","repeat_config":{"repeat_type":"none","end_type":"never","end_date":"2021-12-31","end_times":0},"repetition_of":null}]}],"references":[],"requests":[],"border":{"data":[{"src_locale":"UnitedProvinces.Pastures","dst_locale":"UnitedProvinces.Beaches","src_locale_id":"UP.Pastures","dst_locale_id":"UP.Beaches","group":"*","value":0.4},{"src_locale":"UnitedProvinces.Hills","dst_locale":"UnitedProvinces.Beaches","src_locale_id":"UP.Hills","dst_locale_id":"UP.Beaches","group":"*","value":0.6},{"src_locale":"UnitedProvinces.Beaches","dst_locale":"UnitedProvinces.Pastures","src_locale_id":"UP.Beaches","dst_locale_id":"UP.Pastures","group":"*","value":0.3},{"src_locale":"UnitedProvinces.Beaches","dst_locale":"UnitedProvinces.Hills","src_locale_id":"UP.Beaches","dst_locale_id":"UP.Hills","group":"*","value":0.7}],"specifications":[{"id":1,"src_locale":"UnitedProvinces.*","dst_locale":"UnitedProvinces.*","group":"*","value":0,"impedance":70,"mobility_source":"GPWv4"}]},"airport":{"data":[],"specifications":[]},"facility":{"data":[],"specifications":[]}},"created_at":"2021-05-30T11:07:58.526Z"},{"status":"finished","id":"11","name":"SIR","session":{"features":{"data_source":"GPWv4","region":"UP","level":0,"year":2020,"start_date":"2021-01-01","end_date":"2021-12-31"},"interventions":[],"costs":[],"locales":[{"population":2224526,"area":99324,"name":"UnitedProvinces","id":"UP","parent_id":""}],"model":{"name":"SIR","compartments":[{"id":1,"name":"S","desc":"Susceptible","equation":"-(beta * I * S / N)","tags":["susceptible"]},{"id":2,"name":"I","desc":"Infected","equation":"(beta * I * S / N) - (gamma * I)","tags":["infectious"]},{"id":3,"name":"R","desc":"Recovered","equation":"gamma * I","tags":[]}],"parameters":[{"id":1,"name":"beta","desc":"Transmission rate","default_value":"0.25","tags":["transmission"]},{"id":2,"name":"gamma","desc":"Recovery rate","default_value":"0.125","tags":[]}]},"initial_info":{"name":"SIR","notes":"","initializers":[{"id":1,"locale_regex":"UnitedProvinces.*","group":"*","compartment":"*","value":"10"}],"region_name":"UnitedProvinces"},"groups":[],"group_specifications":[],"groups_locales_parameters":[],"facilities":[],"facilities_interactions":[],"facilities_timespent":[],"schedules":[],"references":[],"requests":[],"border":{"data":[],"specifications":[{}]},"airport":{"data":[],"specifications":[]},"facility":{"data":[],"specifications":[]}},"created_at":"2021-05-31T05:52:27.805Z"},{"status":"finished","id":"12","name":"SIR2","session":{"features":{"data_source":"GPWv4","region":"UP","level":0,"year":2020,"start_date":"2021-01-01","end_date":"2021-12-31"},"interventions":[],"costs":[],"locales":[{"population":2224526,"area":99324,"name":"UnitedProvinces","id":"UP","parent_id":""}],"model":{"name":"SIR","compartments":[{"id":1,"name":"S","desc":"Susceptible","equation":"-(beta * I * S / N)","tags":["susceptible"]},{"id":2,"name":"I","desc":"Infected","equation":"(beta * I * S / N) - (gamma * I)","tags":["infectious"]},{"id":3,"name":"R","desc":"Recovered","equation":"gamma * I","tags":[]}],"parameters":[{"id":1,"name":"beta","desc":"Transmission rate","default_value":"0.25","tags":["transmission"]},{"id":2,"name":"gamma","desc":"Recovery rate","default_value":"0.125","tags":[]}]},"initial_info":{"name":"SIR2","notes":"","initializers":[{"id":1,"locale_regex":"UnitedProvinces.*","group":"*","compartment":"*","value":"10"}],"region_name":"UnitedProvinces"},"groups":[],"group_specifications":[],"groups_locales_parameters":[],"facilities":[],"facilities_interactions":[],"facilities_timespent":[],"schedules":[],"references":[],"requests":[],"border":{"data":[],"specifications":[{}]},"airport":{"data":[],"specifications":[]},"facility":{"data":[],"specifications":[]}},"created_at":"2021-05-31T05:52:42.069Z"},{"status":"finished","id":"13","name":"SIR3","session":{"features":{"data_source":"GPWv4","region":"UP","level":0,"year":2020,"start_date":"2021-01-01","end_date":"2021-12-31"},"interventions":[],"costs":[],"locales":[{"population":2224526,"area":99324,"name":"UnitedProvinces","id":"UP","parent_id":""}],"model":{"name":"SIR","compartments":[{"id":1,"name":"S","desc":"Susceptible","equation":"-(beta * I * S / N)","tags":["susceptible"]},{"id":2,"name":"I","desc":"Infected","equation":"(beta * I * S / N) - (gamma * I)","tags":["infectious"]},{"id":3,"name":"R","desc":"Recovered","equation":"gamma * I","tags":[]}],"parameters":[{"id":1,"name":"beta","desc":"Transmission rate","default_value":"0.25","tags":["transmission"]},{"id":2,"name":"gamma","desc":"Recovery rate","default_value":"0.125","tags":[]}]},"initial_info":{"name":"SIR3","notes":"","initializers":[{"id":1,"locale_regex":"UnitedProvinces.*","group":"*","compartment":"*","value":"10"}],"region_name":"UnitedProvinces"},"groups":[],"group_specifications":[],"groups_locales_parameters":[],"facilities":[],"facilities_interactions":[],"facilities_timespent":[],"schedules":[],"references":[],"requests":[],"border":{"data":[],"specifications":[{}]},"airport":{"data":[],"specifications":[]},"facility":{"data":[],"specifications":[]}},"created_at":"2021-05-31T05:53:09.424Z"},{"status":"finished","id":"14","name":"SIR4","session":{"features":{"data_source":"GPWv4","region":"UP","level":0,"year":2020,"start_date":"2021-01-01","end_date":"2021-12-31"},"interventions":[],"costs":[],"locales":[{"population":2224526,"area":99324,"name":"UnitedProvinces","id":"UP","parent_id":""}],"model":{"name":"SIR","compartments":[{"id":1,"name":"S","desc":"Susceptible","equation":"-(beta * I * S / N)","tags":["susceptible"]},{"id":2,"name":"I","desc":"Infected","equation":"(beta * I * S / N) - (gamma * I)","tags":["infectious"]},{"id":3,"name":"R","desc":"Recovered","equation":"gamma * I","tags":[]}],"parameters":[{"id":1,"name":"beta","desc":"Transmission rate","default_value":"0.25","tags":["transmission"]},{"id":2,"name":"gamma","desc":"Recovery rate","default_value":"0.125","tags":[]}]},"initial_info":{"name":"SIR4","notes":"","initializers":[{"id":1,"locale_regex":"UnitedProvinces.*","group":"*","compartment":"I","value":"10"}],"region_name":"UnitedProvinces"},"groups":[],"group_specifications":[],"groups_locales_parameters":[],"facilities":[],"facilities_interactions":[],"facilities_timespent":[],"schedules":[],"references":[],"requests":[],"border":{"data":[],"specifications":[{}]},"airport":{"data":[],"specifications":[]},"facility":{"data":[],"specifications":[]}},"created_at":"2021-05-31T05:54:13.859Z"},{"status":"finished","id":"15","name":"SIR5","session":{"features":{"data_source":"GPWv4","region":"UP","level":0,"year":2020,"start_date":"2021-01-01","end_date":"2021-12-31"},"interventions":[],"costs":[],"locales":[{"population":2224526,"area":99324,"name":"UnitedProvinces","id":"UP","parent_id":""}],"model":{"name":"SIR","compartments":[{"id":1,"name":"S","desc":"Susceptible","equation":"-(beta * I * S / N)","tags":["susceptible"]},{"id":2,"name":"I","desc":"Infected","equation":"(beta * I * S / N) - (gamma * I)","tags":["infectious"]},{"id":3,"name":"R","desc":"Recovered","equation":"gamma * I","tags":[]}],"parameters":[{"id":1,"name":"beta","desc":"Transmission rate","default_value":"0.25","tags":["transmission"]},{"id":2,"name":"gamma","desc":"Recovery rate","default_value":"0.125","tags":[]}]},"initial_info":{"name":"SIR5","notes":"","initializers":[{"id":1,"locale_regex":"UnitedProvinces.*","group":"*","compartment":"I","value":"10"}],"region_name":"UnitedProvinces"},"groups":[],"group_specifications":[],"groups_locales_parameters":[],"facilities":[],"facilities_interactions":[],"facilities_timespent":[],"schedules":[],"references":[],"requests":[],"border":{"data":[],"specifications":[{}]},"airport":{"data":[],"specifications":[]},"facility":{"data":[],"specifications":[]}},"created_at":"2021-05-31T05:54:29.568Z"},{"status":"finished","id":"16","name":"SIR6","session":{"features":{"data_source":"GPWv4","region":"UP","level":0,"year":2020,"start_date":"2021-01-01","end_date":"2021-12-31"},"interventions":[],"costs":[],"locales":[{"population":2224526,"area":99324,"name":"UnitedProvinces","id":"UP","parent_id":""}],"model":{"name":"SIR","compartments":[{"id":1,"name":"S","desc":"Susceptible","equation":"-(beta * I * S / N)","tags":["susceptible"]},{"id":2,"name":"I","desc":"Infected","equation":"(beta * I * S / N) - (gamma * I)","tags":["infectious"]},{"id":3,"name":"R","desc":"Recovered","equation":"gamma * I","tags":[]}],"parameters":[{"id":1,"name":"beta","desc":"Transmission rate","default_value":"0.3","tags":["transmission"]},{"id":2,"name":"gamma","desc":"Recovery rate","default_value":"0.125","tags":[]}]},"initial_info":{"name":"SIR6","notes":"","initializers":[{"id":1,"locale_regex":"UnitedProvinces.*","group":"*","compartment":"I","value":"10"}],"region_name":"UnitedProvinces"},"groups":[],"group_specifications":[],"groups_locales_parameters":[],"facilities":[],"facilities_interactions":[],"facilities_timespent":[],"schedules":[],"references":[],"requests":[],"border":{"data":[],"specifications":[{}]},"airport":{"data":[],"specifications":[]},"facility":{"data":[],"specifications":[]}},"created_at":"2021-05-31T05:55:40.796Z"},{"status":"finished","id":"17","name":"SIR7","session":{"features":{"data_source":"GPWv4","region":"UP","level":0,"year":2020,"start_date":"2021-01-01","end_date":"2021-12-31"},"interventions":[],"costs":[],"locales":[{"population":2224526,"area":99324,"name":"UnitedProvinces","id":"UP","parent_id":""}],"model":{"name":"SIR","compartments":[{"id":1,"name":"S","desc":"Susceptible","equation":"-(beta * I * S / N)","tags":["susceptible"]},{"id":2,"name":"I","desc":"Infected","equation":"(beta * I * S / N) - (gamma * I)","tags":["infectious"]},{"id":3,"name":"R","desc":"Recovered","equation":"gamma * I","tags":[]}],"parameters":[{"id":1,"name":"beta","desc":"Transmission rate","default_value":"0.3","tags":["transmission"]},{"id":2,"name":"gamma","desc":"Recovery rate","default_value":"0.05","tags":[]}]},"initial_info":{"name":"SIR7","notes":"","initializers":[{"id":1,"locale_regex":"UnitedProvinces.*","group":"*","compartment":"I","value":"10"}],"region_name":"UnitedProvinces"},"groups":[],"group_specifications":[],"groups_locales_parameters":[],"facilities":[],"facilities_interactions":[],"facilities_timespent":[],"schedules":[],"references":[],"requests":[],"border":{"data":[],"specifications":[{}]},"airport":{"data":[],"specifications":[]},"facility":{"data":[],"specifications":[]}},"created_at":"2021-05-31T05:56:17.405Z"},{"status":"abort","id":"18","name":"T","session":{"features":{"start_date":"2021-01-01","end_date":"2021-12-31"},"interventions":[],"costs":[],"locales":[],"model":{"name":"SIR","compartments":[{"id":1,"name":"S","desc":"Susceptible","equation":"-(beta * I * S / N)","tags":["susceptible"]},{"id":2,"name":"I","desc":"Infected","equation":"(beta * I * S / N) - (gamma * I)","tags":["infectious"]},{"id":3,"name":"R","desc":"Recovered","equation":"gamma * I","tags":[]}],"parameters":[{"id":1,"name":"beta","desc":"Transmission rate","default_value":"0.25","tags":["transmission"]},{"id":2,"name":"gamma","desc":"Recovery rate","default_value":"0.125","tags":[]}]},"initial_info":{"name":"T","notes":"","initializers":[{"id":1,"locale_regex":"*","group":"*","compartment":"I","value":"0.01"}],"region_name":""},"groups":[],"group_specifications":[],"groups_locales_parameters":[],"facilities":[],"facilities_interactions":[],"facilities_timespent":[],"schedules":[],"references":[],"requests":[],"border":{"data":[],"specifications":[]},"airport":{"data":[],"specifications":[]},"facility":{"data":[],"specifications":[]}},"created_at":"2021-05-31T06:02:21.223Z"},{"status":"finished","id":"19","name":"ST","session":{"features":{"data_source":"GPWv4","region":"UP","level":0,"year":2020,"start_date":"2021-01-01","end_date":"2021-12-31"},"interventions":[],"costs":[],"locales":[{"population":100,"area":99324,"name":"UnitedProvinces","id":"UP","parent_id":""}],"model":{"name":"SIR","compartments":[{"id":1,"name":"S","desc":"Susceptible","equation":"-(beta * I * S / N)","tags":["susceptible"]},{"id":2,"name":"I","desc":"Infected","equation":"(beta * I * S / N) - (gamma * I)","tags":["infectious"]},{"id":3,"name":"R","desc":"Recovered","equation":"gamma * I","tags":[]}],"parameters":[{"id":1,"name":"beta","desc":"Transmission rate","default_value":"0.25","tags":["transmission"]},{"id":2,"name":"gamma","desc":"Recovery rate","default_value":"0.125","tags":[]}]},"initial_info":{"name":"ST","notes":"","initializers":[{"id":1,"locale_regex":"UnitedProvinces.*","group":"*","compartment":"I","value":"1"}],"region_name":"UnitedProvinces"},"groups":[],"group_specifications":[],"groups_locales_parameters":[],"facilities":[],"facilities_interactions":[],"facilities_timespent":[],"schedules":[],"references":[],"requests":[],"border":{"data":[],"specifications":[{}]},"airport":{"data":[],"specifications":[]},"facility":{"data":[],"specifications":[]}},"created_at":"2021-05-31T06:11:28.037Z"},{"status":"finished","id":"20","name":"S3T","session":{"features":{"data_source":"GPWv4","region":"UP","level":0,"year":2020,"start_date":"2021-01-01","end_date":"2021-04-30"},"interventions":[],"costs":[],"locales":[{"population":1000,"area":99324,"name":"UnitedProvinces","id":"UP","parent_id":""}],"model":{"name":"SIR","compartments":[{"id":1,"name":"S","desc":"Susceptible","equation":"-(beta * I * S / N)","tags":["susceptible"]},{"id":2,"name":"I","desc":"Infected","equation":"(beta * I * S / N) - (gamma * I)","tags":["infectious"]},{"id":3,"name":"R","desc":"Recovered","equation":"gamma * I","tags":[]}],"parameters":[{"id":1,"name":"beta","desc":"Transmission rate","default_value":"0.4","tags":["transmission"]},{"id":2,"name":"gamma","desc":"Recovery rate","default_value":"0.04","tags":[]}]},"initial_info":{"name":"S3T","notes":"","initializers":[{"id":1,"locale_regex":"UnitedProvinces.*","group":"*","compartment":"I","value":"3"}],"region_name":"UnitedProvinces"},"groups":[],"group_specifications":[],"groups_locales_parameters":[],"facilities":[],"facilities_interactions":[],"facilities_timespent":[],"schedules":[],"references":[],"requests":[],"border":{"data":[],"specifications":[{}]},"airport":{"data":[],"specifications":[]},"facility":{"data":[],"specifications":[]}},"created_at":"2021-05-31T09:35:24.511Z"},{"status":"finished","id":"21","name":"My first simulation","session":{"features":{"data_source":"GPWv4","region":"UP","level":0,"year":2020,"start_date":"2021-01-01","end_date":"2021-12-01"},"interventions":[],"costs":[],"locales":[{"population":1000,"area":99324,"name":"UnitedProvinces","id":"UP","parent_id":""}],"model":{"name":"SIR","compartments":[{"id":1,"name":"S","desc":"Susceptible","equation":"-(beta * I * S / N)","tags":["susceptible"]},{"id":2,"name":"I","desc":"Infected","equation":"(beta * I * S / N) - (gamma * I)","tags":["infectious"]},{"id":3,"name":"R","desc":"Recovered","equation":"gamma * I","tags":[]}],"parameters":[{"id":1,"name":"beta","desc":"Transmission rate","default_value":"0.25","tags":["transmission"]},{"id":2,"name":"gamma","desc":"Recovery rate","default_value":"0.125","tags":["recovery"]}]},"initial_info":{"name":"My first simulation","notes":"","initializers":[{"id":1,"locale_regex":"UnitedProvinces.*","group":"*","compartment":"I","value":"10"},{"id":2,"locale_regex":"UnitedProvinces.*","group":"*","compartment":"S","value":"990"}],"region_name":"UnitedProvinces"},"groups":[],"group_specifications":[],"groups_locales_parameters":[],"facilities":[],"facilities_interactions":[],"facilities_timespent":[],"schedules":[],"references":[],"requests":[],"border":{"data":[],"specifications":[]},"airport":{"data":[],"specifications":[]},"facility":{"data":[],"specifications":[]}},"created_at":"2021-06-01T06:04:04.777Z"},{"status":"finished","id":"22","name":"10% seniors","session":{"features":{"data_source":"GPWv4","region":"UP","level":0,"year":2020,"start_date":"2021-01-01","end_date":"2021-12-01"},"interventions":[],"costs":[],"locales":[{"population":1000,"area":99324,"name":"UnitedProvinces","id":"UP","parent_id":""}],"model":{"name":"My SIRD model","compartments":[{"id":1,"name":"S","desc":"Susceptible","equation":"-(beta * I * S / N)","tags":["susceptible"]},{"id":2,"name":"I","desc":"Infected","equation":"(beta * I * S / N) - (gamma * I * pd) - (gamma * I * (1-pd))","tags":["infectious"]},{"id":3,"name":"R","desc":"Recovered","equation":"gamma * I * (1-pd)","tags":[]},{"id":4,"name":"D","desc":"Death","equation":"gamma * I * pd","tags":["death"]}],"parameters":[{"id":1,"name":"beta","desc":"Transmission rate","default_value":"0.25","tags":["transmission"]},{"id":2,"name":"gamma","desc":"Recovery rate","default_value":"0.125","tags":[]},{"id":3,"name":"pd","desc":"Probability of death","default_value":"0.01","tags":[]}]},"initial_info":{"name":"10% seniors","notes":"","initializers":[{"id":1,"locale_regex":"UnitedProvinces.*","group":"Others","compartment":"I","value":"10"}],"region_name":"UnitedProvinces"},"groups":[{"name":"Seniors","description":"","locales":[{"name":"UnitedProvinces","id":"UP","population":"0.1"}],"properties":{"type":"GPWv4","gender":["m","f"],"age":[50,84]}},{"name":"Others","description":"","properties":{"type":"others"},"locales":[{"id":"UP","name":"UnitedProvinces","population":0.9}]}],"group_specifications":[],"groups_locales_parameters":[{"id":0,"param":"beta","locale":"UnitedProvinces","group":"Seniors","value":"0.25"},{"id":1,"param":"gamma","locale":"UnitedProvinces","group":"Seniors","value":"0.125"},{"id":2,"param":"pd","locale":"UnitedProvinces","group":"Seniors","value":"0.1"},{"id":3,"param":"beta","locale":"UnitedProvinces","group":"Others","value":"0.25"},{"id":4,"param":"gamma","locale":"UnitedProvinces","group":"Others","value":"0.125"},{"id":5,"param":"pd","locale":"UnitedProvinces","group":"Others","value":"0.01"}],"facilities":[],"facilities_interactions":[],"facilities_timespent":[],"schedules":[],"references":[],"requests":[],"border":{"data":[],"specifications":[{}]},"airport":{"data":[],"specifications":[]},"facility":{"data":[],"specifications":[]}},"created_at":"2021-06-02T07:06:16.691Z"},{"status":"finished","id":"23","name":"50% seniors","session":{"features":{"data_source":"GPWv4","region":"UP","level":0,"year":2020,"start_date":"2021-01-01","end_date":"2021-12-01"},"interventions":[],"costs":[],"locales":[{"population":1000,"area":99324,"name":"UnitedProvinces","id":"UP","parent_id":""}],"model":{"name":"My SIRD model","compartments":[{"id":1,"name":"S","desc":"Susceptible","equation":"-(beta * I * S / N)","tags":["susceptible"]},{"id":2,"name":"I","desc":"Infected","equation":"(beta * I * S / N) - (gamma * I * pd) - (gamma * I * (1-pd))","tags":["infectious"]},{"id":3,"name":"R","desc":"Recovered","equation":"gamma * I * (1-pd)","tags":[]},{"id":4,"name":"D","desc":"Death","equation":"gamma * I * pd","tags":["death"]}],"parameters":[{"id":1,"name":"beta","desc":"Transmission rate","default_value":"0.25","tags":["transmission"]},{"id":2,"name":"gamma","desc":"Recovery rate","default_value":"0.125","tags":[]},{"id":3,"name":"pd","desc":"Probability of death","default_value":"0.01","tags":[]}]},"initial_info":{"name":"50% seniors","notes":"","initializers":[{"id":1,"locale_regex":"UnitedProvinces.*","group":"Others","compartment":"I","value":"10"}],"region_name":"UnitedProvinces"},"groups":[{"name":"Seniors","description":"","locales":[{"name":"UnitedProvinces","id":"UP","population":"0.5"}],"properties":{"type":"GPWv4","gender":["m","f"],"age":[50,84]}},{"name":"Others","description":"","properties":{"type":"others"},"locales":[{"id":"UP","name":"UnitedProvinces","population":0.5}]}],"group_specifications":[],"groups_locales_parameters":[{"id":0,"param":"beta","locale":"UnitedProvinces","group":"Seniors","value":"0.25"},{"id":1,"param":"gamma","locale":"UnitedProvinces","group":"Seniors","value":"0.125"},{"id":2,"param":"pd","locale":"UnitedProvinces","group":"Seniors","value":"0.1"},{"id":3,"param":"beta","locale":"UnitedProvinces","group":"Others","value":"0.25"},{"id":4,"param":"gamma","locale":"UnitedProvinces","group":"Others","value":"0.125"},{"id":5,"param":"pd","locale":"UnitedProvinces","group":"Others","value":"0.01"}],"facilities":[],"facilities_interactions":[],"facilities_timespent":[],"schedules":[],"references":[],"requests":[],"border":{"data":[],"specifications":[{}]},"airport":{"data":[],"specifications":[]},"facility":{"data":[],"specifications":[]}},"created_at":"2021-06-02T07:06:36.096Z"}],"border":{"data":[],"specifications":[{}]},"airport":{"data":[],"specifications":[]},"facility":{"data":[],"specifications":[]}}